Referencia interna;Nombre Mercado Libre;Precio de venta con IVA;Stock
36I15021;CABEZAL HASAR 715;3960;9
36KIT715;KIT ENGRANAJES HASAR 715;3465;5
59I23020;CABEZAL TERMICO DIGI SM-300;9653;10
60I8762;CABEZAL ROHM REPORT 3600;8118;10
126C20577;Tinta Negra Para Impresora Color Works Tm-c3500;2897;10
126C20580;Caja Mantenimiento Epson Colorworks Tm-c3500;4132;6
126C20581;Tinta Cyan Para Impresora Color Works Tm-c3500;2897;10
126C20582;Tinta Magenta Para Impresora Color Works Tm-c3500;2897;10
126C20583;Tinta Yellow Para Impresora Color Works Tm-c3500;2897;10
126C20596;Caja Mantenimiento Epson Colorworks Tm-c7500;7074;5
132T67100;Caja De Mantenimiento Wf-5190,wf-5690,wf-r5690(t6710);2190;4
132T6712;Caja De Mantenimiento Wf-6090, Wf-6590,wf-r8590;3348;5
132T67140;Caja De Mantenimiento Wf-c869r (t6714);4422;2
132T67160;Caja De Mantenimiento(t6716) Wf-5290, Wf-5790,wf-c579r;2588;5
132748220;Tinta Epson Work Force Pro Wf6090,wf6590 748xxl Cyan;8277;3
132748420;Tinta Epson Work Force Pro Wf6090,wf6590 748xxl Amarillo;8277;1
132L120AL;Tinta Epson Negro Work Force T788 Wf5190/wf-5690;2736;5
132L220AL;Tinta Epson Cyan T788 Work Force Wf-5190/ Wf-5690;4910;5
132L320AL;Tinta Epson Magenta Para Wf-5190/wf-5690;4910;5
132L420AL;Tinta Epson Yellow Para Work Force Wf-5190,wf-5690.;4910;5
132T96112;Tinta Black-negro Para Epson Wf-m5299/wf-m5799 Work Force;5832;2
132T96212;Tinta Black-negro Para Epson Wf-m5299/wf-m5799;16977;1
13212120;Tinta Black Para Epson Workforce Wf-r5690 20.000 Pag;10821;1
13212420;Tinta Yellow Para Epson Workforce Wf-r5690 20.000 Pag;21901;1
13214120;Tinta Black Para Epson Workforce Wf-r5690 50.000pag;25329;1
13214220;Tinta Cyan Para Epson Workforce Wf-r5690 50.000 Pag;48897;1
13214320;Tinta Magenta Para Epson Workforce Wf-r5690 50.000 Pag;48897;1
13214420;Tinta Yellow Para Epson Workforce Wf-r5690 50.000 Pag;48897;1
133T52412;Tinta Negra Epson T524 T524120-al 127ml L6580 L15150 L15160;2767;8
133T52422;Tinta Epson 524 70ml L6580 L15150 L15160 Cyan;1887;8
133T52432;Tinta Epson 524 70ml L6580 L15150 L15160 Magenta;1887;8
133T52442;Tinta Epson 524 70ml L6580 L15150 L15160 Amarillo;1887;8
133T67110;Caja De Mantenimiento Epson L1455 Yield 30.000;5546;1
133T77412;Tinta Epson T774 Negra M100/105/200/205/l606/655/656/l1455;3659;4
135C13S21;Caja De Mantenimiento Plotter Epson T3170;7291;4
135T40V12;Tinta T40v1 Negro Para Epson T3170/5170 Plotter;6616;4
135T40W12;Tinta T40w1 Negro Para Epson T3170/5170 Plotter;9091;6
135T40W22;Tinta T40w2 Cyan Para Epson T3170/5170 Plotter;6336;6
135T40W32;Tinta T40w3 Magenta Para Epson T3170/5170 Plotter;6336;6
135T40W42;Tinta T40w4 Yellow Para Epson T3170/5170 Plotter;6616;6
136L1455;Botella De Tinta Epson T664 Set 4 Colores;8460;1
136C3500;Set 4 Colores Para Impresora Color Works Tm-c3500;11863;1
136T504;Tinta Epson T504 Set 4 Colores L4150/4160/6161/6171/6191;7450;1
136T664;Botella De Tinta Epson T664 Set 4 Colores;6658;1
136T40W;Set Tinta T40w Para Epson T3170/5170 Plotter 4 Colores;28260;1
136788XXL;Set 4 Colores Epson T788 Work Force Wf-5190/wf-5690;16974;1
553IT0028;Impresora Epson Tm T20iii Comandera Termica Usb;23364;1
566IW0011;Impresora a color multifunción Epson EcoTank L1455 con wifi 110V/220V negra.;156915;1
566IW0013;Impresora a color multifunción Epson WorkForce Pro WF-C5790 con wifi 100V/240V blanca y negra.;63261;1
566IW0016;Epson workforce pro wf-m5299 mono printer;81873;1
566IW0015;Epson workforce pro wf-m5799 mono mfp;111177;1